"","x"
"1","@ChuckCallesto I guess thatâ€™s one for #himtoo"
"2","@RealCandaceO And then you bravely started the #HIMTOO
#HEALSO
#HIMASWELL
Campaign. 

What a brilliant and brave mind you have. Who would think to give men the benefit of the doubt. They have been oppressed for far to long!!!!

#JUSTICEFORKAV
#WOMENFORMEN2020
#BLACKSFORWHITES2020"
"3","@pastorlocke Lol!

He is in danger?

You people are so soft. 

#ProtectTerrenceKWilliams
#HimToo
#JUSTICEFORKAVANAUGH"
"4","@RealCandaceO @SenSanders @AOC Wow!!
This tweet is worth the 8 days I had to wait to get more knowledge. 
Wealthy people RULE! Thanks for waking me up. 
Super fresh take. 

Welcome back 

#EMOTIONHARVESTING2020
#BLACKSFORWHITES2020
#JUSTICEFORKAVANAUGH
#HIMTOO
#HIMALSO"
"5","#RiverPhoenix https://t.co/0408xLGQNB 

#Programming #Hollywood #MeToo #StandByMe #HimToo #RestInProphecy âš¡ï¸â¤ï¸ğŸ™ğŸ‘‘"
"6","@NederlandI #Himtoo!"
"7","#MeToo or #HimToo â¦â© #SusanGermaise 
â˜ğŸ½General Counsel
ğŸ‘‰ğŸ¼â¦@Loanmartâ© 
â¦@800LoanMartJobsâ© 

 https://t.co/NyBO7KWA4K"
"8","@BuduMalli #himtoo"
"9","stefan banica le-a batut pe Andreea Marin si Mihaela Radulescu. #tariceanusenior #PrivesteCerbul #himtoo"
"10","UPDATE #himtoo report on former US Attorney Amanda Marshall updated with OIG report saying she stalked and sexually harassed male subordinate. https://t.co/IGVpxklKUR"
"11","Whoâ€™s guilty, the person who makes someone sniff his ğŸ¥œ sweat or the person whom the sweaty ğŸ¥œ flavor was shoved on him???? #himtoo https://t.co/9m2dAXq7Gk https://t.co/yyHPPa2QzS"
"12","@haybailsdj @Acosta @CNN @donlemon #himtoo"
"13","@RealCandaceO Yeah, I donâ€™t see #himtoo in support of the guy that Don Lemon assaulted. Seems biased to me!"
"14","Also the easiest non job for you #CreepyJoeBiden What did you do for 8 years besides harass children and women? #himtoo #BidenBlunders https://t.co/xNlu7k2mgC"
"15","@Jake_Blackson Trying to figure out the proper hashtag, #HimToo or #MeThree?"
"16","33. Just to scathe the surface, here are a few examples of other visitors at Epsteins island 

#PedophileSatanisHawkins #HimToo
#ObamaAndMichael
#Billary https://t.co/uT3FOkDbUX"
"17","33. Just to scathe the surface, here are a few examples of other visitors at Epsteins island 

#PedophileSatanisHawkins #HimToo
#ObamaAndMichael
#Billary https://t.co/uT3FOkDbUX"
"18","@biekepurnelle #himToo"
"19","@TheMarkPantano .
#HimToo"
"20","33. Just to scathe the surface, here are a few examples of other visitors at Epsteins island 

#PedophileSatanisHawkins #HimToo
#ObamaAndMichael
#Billary https://t.co/uT3FOkDbUX"
"21","@benjiaflalo You need to report that to someone #himtoo"
"22","@RepAdamSchiff Its real ch seeing you wave your flag of virtue.....someone who used the HUSH SLUSH FUND  for a #himtoo incident with damn near a teenage boy. Virtue your ass and open up the books on the HUSH SLUSH FUND!!! We want to know!!!"
"23","@TraceeWilkins Mugshot eerily similar to that of #harveyweinstein #himtoo"
"24","@LonnieDukes #HimToo"
"25","#himtoo #MeToo https://t.co/HbwfbPBVfb"
"26","@RepStevenSmith @mPinoe -- ğŸ†˜YOU ARE NOT WORTH IT!  LOOK AT THE NUMBERS!!  #HimToo #NFL #NBA @NBA @NFL #TodayShow #FakeNews #ESPN https://t.co/bFFfYoNh12"
"27","@boredpanda #himtoo if the roles were reversed would it have been cute and funny or a potential lawsuit"
"28","33. Just to scathe the surface, here are a few examples of other visitors at Epsteins island 

#PedophileSatanisHawkins #HimToo
#ObamaAndMichael
#Billary https://t.co/uT3FOkDbUX"
"29","33. Just to scathe the surface, here are a few examples of other visitors at Epsteins island 

#PedophileSatanisHawkins #HimToo
#ObamaAndMichael
#Billary https://t.co/uT3FOkDbUX"
"30","@BowTwoMesa @mattrife @chrissyteigen In this era.. this is still wrong. #HimToo"
"31","33. Just to scathe the surface, here are a few examples of other visitors at Epsteins island 

#PedophileSatanisHawkins #HimToo
#ObamaAndMichael
#Billary https://t.co/uT3FOkDbUX"
"32","@RealJack #himtoo"
"33","33. Just to scathe the surface, here are a few examples of other visitors at Epsteins island 

#PedophileSatanisHawkins #HimToo
#ObamaAndMichael
#Billary https://t.co/uT3FOkDbUX"
"34","33. Just to scathe the surface, here are a few examples of other visitors at Epsteins island 

#PedophileSatanisHawkins #HimToo
#ObamaAndMichael
#Billary https://t.co/uT3FOkDbUX"
"35","33. Just to scathe the surface, here are a few examples of other visitors at Epsteins island 

#PedophileSatanisHawkins #HimToo
#ObamaAndMichael
#Billary https://t.co/uT3FOkDbUX"
"36","33. Just to scathe the surface, here are a few examples of other visitors at Epsteins island 

#PedophileSatanisHawkins #HimToo
#ObamaAndMichael
#Billary https://t.co/uT3FOkDbUX"
"37","33. Just to scathe the surface, here are a few examples of other visitors at Epsteins island 

#PedophileSatanisHawkins #HimToo
#ObamaAndMichael
#Billary https://t.co/uT3FOkDbUX"
"38","33. Just to scathe the surface, here are a few examples of other visitors at Epsteins island 

#PedophileSatanisHawkins #HimToo
#ObamaAndMichael
#Billary https://t.co/uT3FOkDbUX"
"39","33. Just to scathe the surface, here are a few examples of other visitors at Epsteins island 

#PedophileSatanisHawkins #HimToo
#ObamaAndMichael
#Billary https://t.co/uT3FOkDbUX"
"40","@ChuckCallesto #HimToo"
"41","33. Just to scathe the surface, here are a few examples of other visitors at Epsteins island 

#PedophileSatanisHawkins #HimToo
#ObamaAndMichael
#Billary https://t.co/uT3FOkDbUX"
"42","@revolutionrev @IlhanMN Crazy how someone can no zero about the constitution and become a Congressman. Yeah I said man! #HimToo."
"43","@ChuckCallesto #HimToo"
"44","@AEWriter @PhillyMayor @PhillyPolice #RichardRoss allegedly had a ""Love Jones."" ğŸ¶

#HimToo #MeToo #SexualHarassment 

https://t.co/VigpgP0bKo"
"45","@Thomas1774Paine @DABIRDISDEAD This one here I got a perverse enjoyment out of personally

Owen Shroyer from InfoWars was reporting at the Womans March when he had a girl grab him in his crotch; Well he pressed charges and she was arrested for sexual assualt 

#HimToo 

https://t.co/i3lMXcr01D"
"46","@ChuckCallesto Men MUST be believed 

#Himtoo"
"47","@bishodip Oli lai gali garne va chhaina dai .My father is congress to , not me #Himtoo ğŸ˜‚"
"48","#himtoo lol https://t.co/FG4SEhnl1a"
"49","@dcexaminer @donlemon Believe all victims right?  #lemondropshot #himtoo"
"50","@SebGorka @donlemon #believeallmen #BelieveSurvivors #himtoo"
"51","@donlemon please keep your stinky fingers to yourself. #MeToo #HimToo https://t.co/IuIqVpiAVq"
"52","#Corruption #Philly #Philadelphia #Realestate #Med #Ed #SayNoToTokenism #FightingCorruption #PhillyMayor #PhiladelphiaGov

#RichardRoss allegedly had a ""Love Jones."" ğŸ¶#HimToo #MeToo #SexualHarassment https://t.co/h5jczFRKvZ

â€” Faye M. Anderson (andersonatlarge) August 21, 2019"
"53","@AEWriter @PhillyMayor @PhillyPolice #RichardRoss allegedly had a ""Love Jones."" ğŸ¶

#HimToo #MeToo #SexualHarassment 

https://t.co/VigpgP0bKo"
"54","Public School teacher arrested for attempting to molest 13-year-old boy in restroom ... https://t.co/xcdkDzEwm6 #walkaway #metoo #himtoo #Georgia"
"55","33. Just to scathe the surface, here are a few examples of other visitors at Epsteins island 

#PedophileSatanisHawkins #HimToo
#ObamaAndMichael
#Billary https://t.co/uT3FOkDbUX"
"56","@SebGorka @donlemon Betting this @CNN darling was blackout drunk, therefore it didn't happen.  Blatant double standard &amp; I hope the victim mops the floor with this sad sack! Believe all victims, right @donlemon? #HimToo"
"57","@donlemon please keep your stinky fingers to yourself. #MeToo #HimToo https://t.co/IuIqVpiAVq"
"58","@donlemon please keep your stinky fingers to yourself. #MeToo #HimToo https://t.co/IuIqVpiAVq"
"59","@donlemon please keep your stinky fingers to yourself. #MeToo #HimToo https://t.co/IuIqVpiAVq"
"60","@donlemon please keep your stinky fingers to yourself. #MeToo #HimToo https://t.co/IuIqVpiAVq"
"61","@donlemon please keep your stinky fingers to yourself. #MeToo #HimToo https://t.co/IuIqVpiAVq"
"62","@donlemon please keep your stinky fingers to yourself. #MeToo #HimToo https://t.co/IuIqVpiAVq"
"63","@donlemon please keep your stinky fingers to yourself. #MeToo #HimToo https://t.co/IuIqVpiAVq"
"64","@RealSaavedra #Himtoo"
"65","@donlemon please keep your stinky fingers to yourself. #MeToo #HimToo https://t.co/IuIqVpiAVq"
"66","@donlemon please keep your stinky fingers to yourself. #MeToo #HimToo https://t.co/IuIqVpiAVq"
"67","@ava @yourrightscamp I'm pretty sure you thought the #Exonerated5 were guilty too, until you capitalized off of them.... #freerkelly !! #rkellyisinnocent #himtoo #notme"
"68","@donlemon please keep your stinky fingers to yourself. #MeToo #HimToo https://t.co/IuIqVpiAVq"
"69","33. Just to scathe the surface, here are a few examples of other visitors at Epsteins island 

#PedophileSatanisHawkins #HimToo
#ObamaAndMichael
#Billary https://t.co/uT3FOkDbUX"
"70","[ğŸ‡ºğŸ‡¸ğŸ‡ºğŸ‡¸ Patriots Strike Back ğŸ‡ºğŸ‡¸ğŸ‡ºğŸ‡¸] pt. 12

Haley Adams addresses #HimToo movement. #Portland Patriots Speak Out. ğŸ‡ºğŸ‡¸ğŸ—£ï¸ğŸ™ï¸

#PatriotPrayer #MSNBC #PatrickKimmons #PDX #March https://t.co/TOO9KI4Jvy"
"71","Public School teacher arrested for attempting to molest 13-year-old boy in restroom ... https://t.co/xcdkDzEwm6 #walkaway #metoo #himtoo #Georgia"
"72","Public School volunteer charged with online sexual corruption of a child, two counts of luring a minor, and third-degree attempted sodomy after meet a 15 year-old boy for sex ... https://t.co/t5sBauImKG #walkaway #metoo #himtoo #Oregon"
"73","Wow, glad he was found #NotGuilty! I hope his accuser is held accountable for ruining his life. #FalseAccusers #HimToo https://t.co/VD7ANi02QP"
"74","Wow, glad he was found #NotGuilty! I hope his accuser is held accountable for ruining his life. #FalseAccusers #HimToo https://t.co/VD7ANi02QP"
"75","@CallmeJacquin BRUH NIGGAS GETTING TOUCHED ğŸ˜‚ğŸ˜‚ğŸ˜‚ğŸ˜‚ #HIMTOO"
"76","Wow, glad he was found #NotGuilty! I hope his accuser is held accountable for ruining his life. #FalseAccusers #HimToo https://t.co/VD7ANi02QP"
"77","Wow, glad he was found #NotGuilty! I hope his accuser is held accountable for ruining his life. #FalseAccusers #HimToo https://t.co/VD7ANi02QP"
"78","17-year-old hangs himself after after false allegations of rape were made against him. His mother then hangs herself too. False rape allegations should be punished with jail time. #HimToo https://t.co/ZaJJHykKJW"
"79","Wow, glad he was found #NotGuilty! I hope his accuser is held accountable for ruining his life. #FalseAccusers #HimToo https://t.co/VD7ANi02QP"
"80","@karaswisher Minor problem when compared to the dudes in the cities without subways, looking down at their phone, while driving. It's more dangerous than upsetting a pregnant lady I would think. But maybe not? #himtoo"
"81","Public School teacher arrested for attempting to molest 13-year-old boy in restroom ... https://t.co/xcdkDzEwm6 #walkaway #metoo #himtoo #Georgia"
"82","Public School volunteer charged with online sexual corruption of a child, two counts of luring a minor, and third-degree attempted sodomy after meet a 15 year-old boy for sex ... https://t.co/t5sBauImKG #walkaway #metoo #himtoo #Oregon"
"83","@HBCUfessions #himtoo"
"84","#HimToo Male Model Accuses Katy Perry Of Sexual Assault   https://t.co/1z2TYcpazh"
"85","@w_terrence @Nanshima1 @CoryBooker Spartacus has some serious baggage to contend with. If he did it once, you can be sure he's done it more than once.
#HimToo
https://t.co/FdZlH5udaI"
"86","[ğŸ‡ºğŸ‡¸ğŸ‡ºğŸ‡¸ Patriots Strike Back ğŸ‡ºğŸ‡¸ğŸ‡ºğŸ‡¸] pt. 12

Haley Adams addresses #HimToo movement. #Portland Patriots Speak Out. ğŸ‡ºğŸ‡¸ğŸ—£ï¸ğŸ™ï¸

#PatriotPrayer #MSNBC #PatrickKimmons #PDX #March https://t.co/TOO9KI4Jvy"
"87","Again makeğŸ‘sureğŸ‘youğŸ‘haveğŸ‘ağŸ‘cleanğŸ‘history. #IStandWithVic #IStandWithTodd #HimToo https://t.co/ugBfqqgfLr"
"88","I guess in #kickvic's logic monica,jamie and sabat are sexual predators too. Idiots #IStandWithVic #KickVicMorons #HimToo https://t.co/4PtqFArsmg https://t.co/yQbRObC1U2"
"89","#HimToo Male Model Accuses Katy Perry Of Sexual Assault   https://t.co/1z2TYcpazh"
"90","I guess in #kickvic's logic monica,jamie and sabat are sexual predators too. Idiots #IStandWithVic #KickVicMorons #HimToo https://t.co/4PtqFArsmg https://t.co/yQbRObC1U2"
"91","What this guy is doing is targeted harassment so please block him and report him, thank you. #IStandWithVic #HimToo #FixTwitter"
"92","I guess in #kickvic's logic monica,jamie and sabat are sexual predators too. Idiots #IStandWithVic #KickVicMorons #HimToo https://t.co/4PtqFArsmg https://t.co/yQbRObC1U2"
"93","33. Just to scathe the surface, here are a few examples of other visitors at Epsteins island 

#PedophileSatanisHawkins #HimToo
#ObamaAndMichael
#Billary https://t.co/uT3FOkDbUX"
"94","33. Just to scathe the surface, here are a few examples of other visitors at Epsteins island 

#PedophileSatanisHawkins #HimToo
#ObamaAndMichael
#Billary https://t.co/uT3FOkDbUX"
"95","33. Just to scathe the surface, here are a few examples of other visitors at Epsteins island 

#PedophileSatanisHawkins #HimToo
#ObamaAndMichael
#Billary https://t.co/uT3FOkDbUX"
"96","Sexual assault affects both men and women.
Period. #zcenter #heretohealing #himtoo #too #metoo #malesurvivors https://t.co/4QnExGDqLn"
"97","@BimbiAssassin ğŸ˜‚ğŸ˜‚ Justice for his bruised foot! #HimToo ğŸ˜›"
"98","#HimToo Male Model Accuses Katy Perry Of Sexual Assault   https://t.co/1z2TYcpazh"
"99","Again makeğŸ‘sureğŸ‘youğŸ‘haveğŸ‘ağŸ‘cleanğŸ‘history. #IStandWithVic #IStandWithTodd #HimToo https://t.co/ugBfqqgfLr"
"100","33. Just to scathe the surface, here are a few examples of other visitors at Epsteins island 

#PedophileSatanisHawkins #HimToo
#ObamaAndMichael
#Billary https://t.co/uT3FOkDbUX"
"101","@Former_legend @fcttb_podcast @NDFElectrical01 #grabamirror Olga Zajac.

Iâ€™m all for an â€œeye for an eyeâ€ but just because you bought him new jeans ğŸ‘– doesnâ€™t make using the man who tries to rob you as a sex slave ok

I dare say his life of crime is over

But secretly I am fist pumping you. But not in that special way
#himtoo https://t.co/vgo6fIMxBo"
"102","33. Just to scathe the surface, here are a few examples of other visitors at Epsteins island 

#PedophileSatanisHawkins #HimToo
#ObamaAndMichael
#Billary https://t.co/uT3FOkDbUX"
"103","33. Just to scathe the surface, here are a few examples of other visitors at Epsteins island 

#PedophileSatanisHawkins #HimToo
#ObamaAndMichael
#Billary https://t.co/uT3FOkDbUX"
"104","She found out that she ruined a man's life for something he didn't do and she still says he's a sexual predator even though she got the wrong guy, disgusting! I hope she likes defamation laws in japan #IStandWithVic #HimToo https://t.co/vLTyiUSJdD"
"105","Again makeğŸ‘sureğŸ‘youğŸ‘haveğŸ‘ağŸ‘cleanğŸ‘history. #IStandWithVic #IStandWithTodd #HimToo https://t.co/ugBfqqgfLr"
"106","Again makeğŸ‘sureğŸ‘youğŸ‘haveğŸ‘ağŸ‘cleanğŸ‘history. #IStandWithVic #IStandWithTodd #HimToo https://t.co/ugBfqqgfLr"
"107","What this guy is doing is targeted harassment so please block him and report him, thank you. #IStandWithVic #HimToo #FixTwitter"
"108","I guess in #kickvic's logic monica,jamie and sabat are sexual predators too. Idiots #IStandWithVic #KickVicMorons #HimToo https://t.co/4PtqFArsmg https://t.co/yQbRObC1U2"
"109","We love you @rkelly. ğŸ‘‘ğŸ™. #NowPlaying Half On A Baby by #RKelly. #RKellyIsInnocent #KingOfRNB #SurvivingLies #HimToo #FreeRKelly #NP #UnMuteRKelly  #PlayRKelly #JusticeForRKelly #TeamKellz. https://t.co/6nMjxUGXuG"
"110","33. Just to scathe the surface, here are a few examples of other visitors at Epsteins island 

#PedophileSatanisHawkins #HimToo
#ObamaAndMichael
#Billary https://t.co/uT3FOkDbUX"
"111","@RealSaavedra @steph93065 #himtoo"
"112","I guess in #kickvic's logic monica,jamie and sabat are sexual predators too. Idiots #IStandWithVic #KickVicMorons #HimToo https://t.co/4PtqFArsmg https://t.co/yQbRObC1U2"
"113","Again makeğŸ‘sureğŸ‘youğŸ‘haveğŸ‘ağŸ‘cleanğŸ‘history. #IStandWithVic #IStandWithTodd #HimToo https://t.co/ugBfqqgfLr"
"114","She found out that she ruined a man's life for something he didn't do and she still says he's a sexual predator even though she got the wrong guy, disgusting! I hope she likes defamation laws in japan #IStandWithVic #HimToo https://t.co/vLTyiUSJdD"
"115","Me and everyone after finding out that this whole vic drama bullshit started because some idiot didn't even check their sources when accusing a man of something he didn't do. #IStandWithVic #HimToo
https://t.co/xMLabSQqjS"
"116","Me and everyone after finding out that this whole vic drama bullshit started because some idiot didn't even check their sources when accusing a man of something he didn't do. #IStandWithVic #HimToo
https://t.co/xMLabSQqjS"
"117","The same can apply to Casey Erick who told a female attorney to and i quote ""behave herself"" i know it's hard for you but maybe think before you speak. #KickVicMoron #IStandWithVic #HimToo https://t.co/RtWAZXVKQC"
"118","What this guy is doing is targeted harassment so please block him and report him, thank you. #IStandWithVic #HimToo #FixTwitter"
"119","I feel bad Dominique's kids, i hope to god that they don't grow up to be like her, the same goes with shane's kid #IStandWithVic #HimToo https://t.co/hpnxNlxjk6"
"120","She found out that she ruined a man's life for something he didn't do and she still says he's a sexual predator even though she got the wrong guy, disgusting! I hope she likes defamation laws in japan #IStandWithVic #HimToo https://t.co/vLTyiUSJdD"
"121","I guess in #kickvic's logic monica,jamie and sabat are sexual predators too. Idiots #IStandWithVic #KickVicMorons #HimToo https://t.co/4PtqFArsmg https://t.co/yQbRObC1U2"
"122","Again makeğŸ‘sureğŸ‘youğŸ‘haveğŸ‘ağŸ‘cleanğŸ‘history. #IStandWithVic #IStandWithTodd #HimToo https://t.co/ugBfqqgfLr"
"123","@Former_legend @fcttb_podcast @NDFElectrical01 #grabamirror Olga Zajac.

Iâ€™m all for an â€œeye for an eyeâ€ but just because you bought him new jeans ğŸ‘– doesnâ€™t make using the man who tries to rob you as a sex slave ok

I dare say his life of crime is over

But secretly I am fist pumping you. But not in that special way
#himtoo https://t.co/vgo6fIMxBo"
"124","I guess in #kickvic's logic monica,jamie and sabat are sexual predators too. Idiots #IStandWithVic #KickVicMorons #HimToo https://t.co/4PtqFArsmg https://t.co/yQbRObC1U2"
"125","@Eminem11684 #domesticviolence #abusiverelationship #abusedwomen #abusedmen #himtoo @terrycrews #civilrights #havardlawschool #blacklawyers #naacp #pdxhomeless #pdxmeth #pdxstripper #501c3 #nonprofitorganization #fundraising @tyronewilliamson20 @seanportland @we_rise_2 @werise2pdxinc https://t.co/nm3wVyuNLP"
"126","I guess in #kickvic's logic monica,jamie and sabat are sexual predators too. Idiots #IStandWithVic #KickVicMorons #HimToo https://t.co/4PtqFArsmg https://t.co/yQbRObC1U2"
"127","@WeStandWithKaty @katyperry I know too â€˜honeyâ€™. Believe me!!  Sheâ€™s a predator. #BelieveHim #HimToo"
"128","@Jude97154605 #HimToo"
"129","#HimToo Male Model Accuses Katy Perry Of Sexual Assault   https://t.co/1z2TYcpazh"
"130","I guess in #kickvic's logic monica,jamie and sabat are sexual predators too. Idiots #IStandWithVic #KickVicMorons #HimToo https://t.co/4PtqFArsmg https://t.co/yQbRObC1U2"
"131","#HimToo Male Model Accuses Katy Perry Of Sexual Assault   https://t.co/1z2TYcpazh"
"132","#HimToo Male Model Accuses Katy Perry Of Sexual Assault   https://t.co/1z2TYcpazh"
"133","I guess in #kickvic's logic monica,jamie and sabat are sexual predators too. Idiots #IStandWithVic #KickVicMorons #HimToo https://t.co/4PtqFArsmg https://t.co/yQbRObC1U2"
"134","@1776Stonewall Unironically, he has called for others to resign or be removed from just an accusation

#believeallvictims

#himtoo"
"135","I guess in #kickvic's logic monica,jamie and sabat are sexual predators too. Idiots #IStandWithVic #KickVicMorons #HimToo https://t.co/4PtqFArsmg https://t.co/yQbRObC1U2"
"136","@mpukita #HimToo"
"137","@cautioncontent #HimToo"
"138","#HimToo Male Model Accuses Katy Perry Of Sexual Assault   https://t.co/1z2TYcpazh"
"139","#HimToo Male Model Accuses Katy Perry Of Sexual Assault   https://t.co/1z2TYcpazh"
"140","I guess in #kickvic's logic monica,jamie and sabat are sexual predators too. Idiots #IStandWithVic #KickVicMorons #HimToo https://t.co/4PtqFArsmg https://t.co/yQbRObC1U2"
"141","sad ima haÅ¡tag #HimToo za zlostavljane muÅ¡karce. To samo smiÅ¡ljaju gluposti da bi loÅ¾ane tvitale o tome...oh wait..."
"142","#HimToo Male Model Accuses Katy Perry Of Sexual Assault   https://t.co/1z2TYcpazh"
"143","#HimToo Male Model Accuses Katy Perry Of Sexual Assault   https://t.co/1z2TYcpazh"
"144","@ThePerezHilton @PerezHilton It's crazy #himtoo"
"145","33. Just to scathe the surface, here are a few examples of other visitors at Epsteins island 

#PedophileSatanisHawkins #HimToo
#ObamaAndMichael
#Billary https://t.co/uT3FOkDbUX"
"146","33. Just to scathe the surface, here are a few examples of other visitors at Epsteins island 

#PedophileSatanisHawkins #HimToo
#ObamaAndMichael
#Billary https://t.co/uT3FOkDbUX"
"147","33. Just to scathe the surface, here are a few examples of other visitors at Epsteins island 

#PedophileSatanisHawkins #HimToo
#ObamaAndMichael
#Billary https://t.co/uT3FOkDbUX"
"148","#HimToo  https://t.co/7lfmiNZE1L"
"149","#DonLemon #CNN #doublestandard #himtoo https://t.co/5kM0l3K2Pp"
"150","contemporaneous witness? #HimToo https://t.co/aoYidSkrao"
"151","Is there a news embargo on bad news about #FakeNewsCNN anchors? #MediaBias #HimToo https://t.co/7oFZpOkGYH"
"152","33. Just to scathe the surface, here are a few examples of other visitors at Epsteins island 

#PedophileSatanisHawkins #HimToo
#ObamaAndMichael
#Billary https://t.co/uT3FOkDbUX"
"153","33. Just to scathe the surface, here are a few examples of other visitors at Epsteins island 

#PedophileSatanisHawkins #HimToo
#ObamaAndMichael
#Billary https://t.co/uT3FOkDbUX"
"154","33. Just to scathe the surface, here are a few examples of other visitors at Epsteins island 

#PedophileSatanisHawkins #HimToo
#ObamaAndMichael
#Billary https://t.co/uT3FOkDbUX"
"155","33. Just to scathe the surface, here are a few examples of other visitors at Epsteins island 

#PedophileSatanisHawkins #HimToo
#ObamaAndMichael
#Billary https://t.co/uT3FOkDbUX"
"156","33. Just to scathe the surface, here are a few examples of other visitors at Epsteins island 

#PedophileSatanisHawkins #HimToo
#ObamaAndMichael
#Billary https://t.co/uT3FOkDbUX"
"157","33. Just to scathe the surface, here are a few examples of other visitors at Epsteins island 

#PedophileSatanisHawkins #HimToo
#ObamaAndMichael
#Billary https://t.co/uT3FOkDbUX"
"158","Apparently #metoo included #himtoo. https://t.co/jysmn4CTuQ"
"159","@KareemHamdy @RepDebDingell @RashidaTlaib @TheDemocrats Amen #HimToo #DadsToo"
"160","@Thomas1774Paine @DABIRDISDEAD This one here I got a perverse enjoyment out of personally

Owen Shroyer from InfoWars was reporting at the Womans March when he had a girl grab him in his crotch; Well he pressed charges and she was arrested for sexual assualt 

#HimToo 

https://t.co/i3lMXcr01D"
"161","33. Just to scathe the surface, here are a few examples of other visitors at Epsteins island 

#PedophileSatanisHawkins #HimToo
#ObamaAndMichael
#Billary https://t.co/uT3FOkDbUX"
"162","Look at all these things our sons have to think about each and every day of their lives to stay safe. What a burden.  H/t Jackson Katz  #HimToo https://t.co/WJgXTIk0LI"
"163","#HimToo #ConsentMatters https://t.co/gscbDnJHl7"
"164","Notice that no man who defends himself against charges of sexual assault are described as telling â€œhis truthâ€. #HimToo"
"165","#FireDonLemon #HimToo https://t.co/pJfYuIz1XA"
"166","Notice that no man who defends himself against charges of sexual assault are described as telling â€œhis truthâ€. #HimToo"
"167","#HimToo #ConsentMatters https://t.co/gscbDnJHl7"
"168","@realDailyWire #himtoo"
"169","@ArthurSchwartz #himtoo"
"170","Ú©ÛŒØªÛŒ Ù¾Ø±ÛŒ Ø¨Ù‡ Ù‡ÛŒÚ† Ú©Ø¯Ø§Ù… Ø§Ø² Ø§ØªÙ‡Ø§Ù… Ù‡Ø§ Ù¾Ø§Ø³Ø® Ù†Ø¯Ø§Ø¯Ù‡ Ùˆ Ø¨Ø±Ù†Ø§Ù…Ù‡ Ù‡Ø§ÛŒ Ú©Ø§Ø±ÛŒØ´ Ø¯Ú†Ø§Ø± Ù‡ÛŒÚ† Ù…Ø´Ú©Ù„ÛŒ Ù†Ø´Ø¯Ù‡ Ù‡Ù…Ú†Ù†Ø§Ù† Ù…Ø´ØºÙˆÙ„ Ù…Ù‡Ù…Ø§Ù†ÛŒ Ùˆ Ø®ÙˆØ´Ú¯Ø°Ø±Ø§Ù†ÛŒ Ø§Ø³Øª!

#himtoo #metoo #Ø¢Ø²Ø§Ø±_Ø¬Ù†Ø³ÛŒ"
"171","@Thomas1774Paine #BelieveAllMen #HimToo ğŸ˜"
"172","@DonLemon @CNN @CNNBRK,

Any comments on this?

#himtoo?

@SuffolkCounty filing:
https://t.co/Zv58CNvEXE

@bigleaguepol's article on civil suit against Don Lemon
https://t.co/ivmvihD1Sq

@DRUDGE_REPORT
@FoxNewsOpinion"
"173","@Ravagiing Haley Adams held the rally in downtown Portland, co-hosted by Patriot Prayer leader Joey Gibson, and Quincy Anatello, a member of the Christian group in Uniting the eventâ€™s messaging under the hashtag #HimToo, Adams and Patriot &amp; expressing false rape allegations against men 2017"
"174","33. Just to scathe the surface, here are a few examples of other visitors at Epsteins island 

#PedophileSatanisHawkins #HimToo
#ObamaAndMichael
#Billary https://t.co/uT3FOkDbUX"
"175","@Ravagiing Haley Adams held the rally in downtown Portland, co-hosted by Patriot Prayer leader Joey Gibson, and Quincy Anatello, a member of the Christian group in Uniting the eventâ€™s messaging under the hashtag #HimToo, Adams and Patriot &amp; expressing false rape allegations against men 2017"
"176","@TMZ @PopCrush #HimToo"
"177","Our society needs to stop blaming #AbuseSurvivors. The responsibility is always the predator, regardless of gender. 
Victims arenâ€™t to blame for: 

ğŸ’”Child abuse 

ğŸ’” Child pornography 

ğŸ’” Mental abuse 

ğŸ’” Rape 

ğŸ’” Domestic abuse 

ğŸ’” Sex Trafficking 
#MeToo #HimToo #CSA #PTSD"
"178","@CoryBooker Thanks for the update, ""Spartacus.""

How about an update on that dude you sexually assaulted? #HimToo #MeToo #BelieveSurvivors

https://t.co/XxcFfnH20A"
"179","33. Just to scathe the surface, here are a few examples of other visitors at Epsteins island 

#PedophileSatanisHawkins #HimToo
#ObamaAndMichael
#Billary https://t.co/uT3FOkDbUX"
"180","Lets go boys its our turn #himtoo #mentoo https://t.co/UPYMoziyAu"
"181","How to Survive a False Accusation #phenoMENalAct #HimToo 

https://t.co/L8mf12w9wN"
"182","@RealSaavedra @SebGorka I believe him #himtoo"
"183","Our society needs to stop blaming #AbuseSurvivors. The responsibility is always the predator, regardless of gender. 
Victims arenâ€™t to blame for: 

ğŸ’”Child abuse 

ğŸ’” Child pornography 

ğŸ’” Mental abuse 

ğŸ’” Rape 

ğŸ’” Domestic abuse 

ğŸ’” Sex Trafficking 
#MeToo #HimToo #CSA #PTSD"
"184","@NicoleEggert Shame on you for jumping on this fake bandwagon! You make true survivors afraid to speak up! Sad that yet another washed up actress such as yourself and Milano have nothing to do but stir shit up on social media. Wife swap show seemed to be your last attempt at fame #himtoo"
"185","@ScottBaio Alot of us have common sense!! And we don't believe a single word out of her mouth! So sick of this metoo bullshit! How about #himtoo?"
"186","@RealSaavedra #himtoo"
"187","@ArthurSchwartz #HimToo"
"188","@CB618444 @texasrighty @donlemon #HimToo"
"189","@MoooPapa @ValerieBaxter76 @mayalates @catahoulasrule @DatoFreddy @LeeLore2 @realDonaldTrump @davisallen46 @pennysmagic1 @jackie70111 @dyro874 @Alpha6Phinsider @ChoppersLounge @Caparosa52 @cjdtwit @carrolka @socalpony2 @cindy_nurse Good morning #Himtoo"
"190","33. Just to scathe the surface, here are a few examples of other visitors at Epsteins island 

#PedophileSatanisHawkins #HimToo
#ObamaAndMichael
#Billary https://t.co/uT3FOkDbUX"
"191","33. Just to scathe the surface, here are a few examples of other visitors at Epsteins island 

#PedophileSatanisHawkins #HimToo
#ObamaAndMichael
#Billary https://t.co/uT3FOkDbUX"
"192","33. Just to scathe the surface, here are a few examples of other visitors at Epsteins island 

#PedophileSatanisHawkins #HimToo
#ObamaAndMichael
#Billary https://t.co/uT3FOkDbUX"
"193","@nypost Feminists like Lena Dunham are the ultimate hypocrites. They make unsolicited and unwanted advances on men like Brad Pitt and Odell Beckham Jr. but want to be the spokespersons for sexual harassment. #HimToo #BradPitt https://t.co/MnoLCMi0Se"
"194","33. Just to scathe the surface, here are a few examples of other visitors at Epsteins island 

#PedophileSatanisHawkins #HimToo
#ObamaAndMichael
#Billary https://t.co/uT3FOkDbUX"
"195","33. Just to scathe the surface, here are a few examples of other visitors at Epsteins island 

#PedophileSatanisHawkins #HimToo
#ObamaAndMichael
#Billary https://t.co/uT3FOkDbUX"
"196","33. Just to scathe the surface, here are a few examples of other visitors at Epsteins island 

#PedophileSatanisHawkins #HimToo
#ObamaAndMichael
#Billary https://t.co/uT3FOkDbUX"
"197","Listen to the latest from @NoFurtherQ as they talk about R.Kelly, Harvey Weinstein, the history of the #MeToo &amp; #HimToo movement.

https://t.co/ADzqKWv5rq

#podcasts #podcast #podcasting #radio #spotify #podcasters #podcastinglife #podsincolor #podernfamily #podecho #podernfamily https://t.co/oYj1nN1QTc"
"198","33. Just to scathe the surface, here are a few examples of other visitors at Epsteins island 

#PedophileSatanisHawkins #HimToo
#ObamaAndMichael
#Billary https://t.co/uT3FOkDbUX"
"199","33. Just to scathe the surface, here are a few examples of other visitors at Epsteins island 

#PedophileSatanisHawkins #HimToo
#ObamaAndMichael
#Billary https://t.co/uT3FOkDbUX"
"200","33. Just to scathe the surface, here are a few examples of other visitors at Epsteins island 

#PedophileSatanisHawkins #HimToo
#ObamaAndMichael
#Billary https://t.co/uT3FOkDbUX"
"201","Our society needs to stop blaming #AbuseSurvivors. The responsibility is always the predator, regardless of gender. 
Victims arenâ€™t to blame for: 

ğŸ’”Child abuse 

ğŸ’” Child pornography 

ğŸ’” Mental abuse 

ğŸ’” Rape 

ğŸ’” Domestic abuse 

ğŸ’” Sex Trafficking 
#MeToo #HimToo #CSA #PTSD"
"202","33. Just to scathe the surface, here are a few examples of other visitors at Epsteins island 

#PedophileSatanisHawkins #HimToo
#ObamaAndMichael
#Billary https://t.co/uT3FOkDbUX"
"203","33. Just to scathe the surface, here are a few examples of other visitors at Epsteins island 

#PedophileSatanisHawkins #HimToo
#ObamaAndMichael
#Billary https://t.co/uT3FOkDbUX"
"204","@RealSaavedra #himtoo"
"205","33. Just to scathe the surface, here are a few examples of other visitors at Epsteins island 

#PedophileSatanisHawkins #HimToo
#ObamaAndMichael
#Billary https://t.co/uT3FOkDbUX"
"206","33. Just to scathe the surface, here are a few examples of other visitors at Epsteins island 

#PedophileSatanisHawkins #HimToo
#ObamaAndMichael
#Billary https://t.co/uT3FOkDbUX"
"207","@donlemon please keep your stinky fingers to yourself. #MeToo #HimToo https://t.co/IuIqVpiAVq"
"208",".@donlemon 
#HimToo right? Fair is fair"
"209","33. Just to scathe the surface, here are a few examples of other visitors at Epsteins island 

#PedophileSatanisHawkins #HimToo
#ObamaAndMichael
#Billary https://t.co/uT3FOkDbUX"
"210","33. Just to scathe the surface, here are a few examples of other visitors at Epsteins island 

#PedophileSatanisHawkins #HimToo
#ObamaAndMichael
#Billary https://t.co/uT3FOkDbUX"
"211","Our society needs to stop blaming #AbuseSurvivors. The responsibility is always the predator, regardless of gender. 
Victims arenâ€™t to blame for: 

ğŸ’”Child abuse 

ğŸ’” Child pornography 

ğŸ’” Mental abuse 

ğŸ’” Rape 

ğŸ’” Domestic abuse 

ğŸ’” Sex Trafficking 
#MeToo #HimToo #CSA #PTSD"
"212","Our society needs to stop blaming #AbuseSurvivors. The responsibility is always the predator, regardless of gender. 
Victims arenâ€™t to blame for: 

ğŸ’”Child abuse 

ğŸ’” Child pornography 

ğŸ’” Mental abuse 

ğŸ’” Rape 

ğŸ’” Domestic abuse 

ğŸ’” Sex Trafficking 
#MeToo #HimToo #CSA #PTSD"
"213","@donlemon please keep your stinky fingers to yourself. #MeToo #HimToo https://t.co/IuIqVpiAVq"
"214","Our society needs to stop blaming #AbuseSurvivors. The responsibility is always the predator, regardless of gender. 
Victims arenâ€™t to blame for: 

ğŸ’”Child abuse 

ğŸ’” Child pornography 

ğŸ’” Mental abuse 

ğŸ’” Rape 

ğŸ’” Domestic abuse 

ğŸ’” Sex Trafficking 
#MeToo #HimToo #CSA #PTSD"
"215","#himtoo https://t.co/YHdEbMzmVB"
"216","She found out that she ruined a man's life for something he didn't do and she still says he's a sexual predator even though she got the wrong guy, disgusting! I hope she likes defamation laws in japan #IStandWithVic #HimToo https://t.co/vLTyiUSJdD"
"217","Our society needs to stop blaming #AbuseSurvivors. The responsibility is always the predator, regardless of gender. 
Victims arenâ€™t to blame for: 

ğŸ’”Child abuse 

ğŸ’” Child pornography 

ğŸ’” Mental abuse 

ğŸ’” Rape 

ğŸ’” Domestic abuse 

ğŸ’” Sex Trafficking 
#MeToo #HimToo #CSA #PTSD"
"218","@DonaldJTrumpJr Believe all men #himtoo"
"219","33. Just to scathe the surface, here are a few examples of other visitors at Epsteins island 

#PedophileSatanisHawkins #HimToo
#ObamaAndMichael
#Billary https://t.co/uT3FOkDbUX"
"220","33. Just to scathe the surface, here are a few examples of other visitors at Epsteins island 

#PedophileSatanisHawkins #HimToo
#ObamaAndMichael
#Billary https://t.co/uT3FOkDbUX"
"221","@DonaldJTrumpJr @Virtualunwinds I believe him #Himtoo this is how itâ€™s done right Don? https://t.co/LpfAQIGbVD"
"222","@jaketapper . Will you be calling out. #himtoo? @KirstenPowers @haileybieber @ChrisCuomo  @wolfblitzer https://t.co/vLWcMD1FES"
"223","33. Just to scathe the surface, here are a few examples of other visitors at Epsteins island 

#PedophileSatanisHawkins #HimToo
#ObamaAndMichael
#Billary https://t.co/uT3FOkDbUX"
"224","#HimToo CNN &amp; left ignore crimes of their own while calling for republican blood for hang nails. Liberals &amp; conservatives fight for principal. Extrimist left fights onky fir power to control opress Dehumanise &amp; rule with an iron fist. #justsaynotoprogressivestalanism https://t.co/yHrpr3RCCm"
"225","Our society needs to stop blaming #AbuseSurvivors. The responsibility is always the predator, regardless of gender. 
Victims arenâ€™t to blame for: 

ğŸ’”Child abuse 

ğŸ’” Child pornography 

ğŸ’” Mental abuse 

ğŸ’” Rape 

ğŸ’” Domestic abuse 

ğŸ’” Sex Trafficking 
#MeToo #HimToo #CSA #PTSD"
"226","Our society needs to stop blaming #AbuseSurvivors. The responsibility is always the predator, regardless of gender. 
Victims arenâ€™t to blame for: 

ğŸ’”Child abuse 

ğŸ’” Child pornography 

ğŸ’” Mental abuse 

ğŸ’” Rape 

ğŸ’” Domestic abuse 

ğŸ’” Sex Trafficking 
#MeToo #HimToo #CSA #PTSD"
"227","33. Just to scathe the surface, here are a few examples of other visitors at Epsteins island 

#PedophileSatanisHawkins #HimToo
#ObamaAndMichael
#Billary https://t.co/uT3FOkDbUX"
"228","@donlemon please keep your stinky fingers to yourself. #MeToo #HimToo https://t.co/IuIqVpiAVq"
"229","33. Just to scathe the surface, here are a few examples of other visitors at Epsteins island 

#PedophileSatanisHawkins #HimToo
#ObamaAndMichael
#Billary https://t.co/uT3FOkDbUX"
"230","@donlemon please keep your stinky fingers to yourself. #MeToo #HimToo https://t.co/IuIqVpiAVq"
"231","Our society needs to stop blaming #AbuseSurvivors. The responsibility is always the predator, regardless of gender. 
Victims arenâ€™t to blame for: 

ğŸ’”Child abuse 

ğŸ’” Child pornography 

ğŸ’” Mental abuse 

ğŸ’” Rape 

ğŸ’” Domestic abuse 

ğŸ’” Sex Trafficking 
#MeToo #HimToo #CSA #PTSD"
"232","Our society needs to stop blaming #AbuseSurvivors. The responsibility is always the predator, regardless of gender. 
Victims arenâ€™t to blame for: 

ğŸ’”Child abuse 

ğŸ’” Child pornography 

ğŸ’” Mental abuse 

ğŸ’” Rape 

ğŸ’” Domestic abuse 

ğŸ’” Sex Trafficking 
#MeToo #HimToo #CSA #PTSD"
"233","We must believe all victims #HimToo https://t.co/smwSRSlPY4"
"234","We must believe all victims #HimToo https://t.co/smwSRSlPY4"
"235","We must believe all victims #HimToo https://t.co/smwSRSlPY4"
"236","@realSaintsully @yankeezsuk #HimToo"
"237","@unscriptedmike @DonaldJTrumpJr #HimToo"
"238","@ArthurSchwartz @Cernovich #himtoo"
"239","A #HIMTOO who has opened his Heart and Mind, C. David Moody, a @Morehouse alum and owner of @CDMQuality, will receive our True Ally Award at our #OneVisionManyVoices2019 Dinner on September 19. Check out this thread to learn why. #MenStoppingViolence https://t.co/L3CWgat8wI"
"240","This is going to be so DELICIOUS watching @donlemon fall like a little biotch. 
#HimToo
#MeToo
#DonLemonIsARapist
#CNNSucks
@cnn
@cnnbrk https://t.co/I2UTWK1SBF"
"241","Our society needs to stop blaming #AbuseSurvivors. The responsibility is always the predator, regardless of gender. 
Victims arenâ€™t to blame for: 

ğŸ’”Child abuse 

ğŸ’” Child pornography 

ğŸ’” Mental abuse 

ğŸ’” Rape 

ğŸ’” Domestic abuse 

ğŸ’” Sex Trafficking 
#MeToo #HimToo #CSA #PTSD"
"242","Our society needs to stop blaming #AbuseSurvivors. The responsibility is always the predator, regardless of gender. 
Victims arenâ€™t to blame for: 

ğŸ’”Child abuse 

ğŸ’” Child pornography 

ğŸ’” Mental abuse 

ğŸ’” Rape 

ğŸ’” Domestic abuse 

ğŸ’” Sex Trafficking 
#MeToo #HimToo #CSA #PTSD"
"243","@donlemon
@CNN
Believe All victims rght?
Why is Lemon still on the air? #Himtoo 
https://t.co/OtawcQADje"
"244","#FireDonLemon #HimToo https://t.co/pJfYuIz1XA"
"245","ğŸ‘#Clintons #ClintonCartel #ClintonBodyCount #ClintonEmails #obama #obamagate #HimToo #MeToo #MeTooLiars #metoocontroversy #ny #NRA #guns #gunsafety #AmmoGiveaway #ammo #riflegiveaway #rifle #ukog #UKISS #ukog #uk #EUReformists #EuropaLeague #EUarmy #brittish #Britain #France https://t.co/jOp5UM3Xgi"
"246","ğŸ‘#Clintons #ClintonCartel #ClintonBodyCount #ClintonEmails #obama #obamagate #HimToo #MeToo #MeTooLiars #metoocontroversy #ny #NRA #guns #gunsafety #AmmoGiveaway #ammo #riflegiveaway #rifle #ukog #UKISS #ukog #uk #EUReformists #EuropaLeague #EUarmy #brittish #Britain #France https://t.co/W1OVqOx07S"
"247","@GmorganJr No means no, GM Jr. #HimToo"
"248","@BlueSea1964 @ltlgcoach She was always sexualizing the guys on American Idol.  #HimToo"
"249","God is a racist? #himtoo https://t.co/MgcEGTJkv0"
"250","We must believe all victims #HimToo https://t.co/smwSRSlPY4"
"251","@cbellantoni @USCAnnenberg #himtoo"
"252","@lorraine4trump @ScottBaio Me too. As a mother of three sons itâ€™s very frightening to know that anybody could claim they did something without any proof, and they could go through the torment that @ScottBaio went through and still deals with! Iâ€™ve always believed #himtoo."
"253","Maybe they should start a #HimToo hashtag trend... https://t.co/nooUkygVDm"
"254","Maybe they should start a #HimToo hashtag trend... https://t.co/nooUkygVDm"
"255","33. Just to scathe the surface, here are a few examples of other visitors at Epsteins island 

#PedophileSatanisHawkins #HimToo
#ObamaAndMichael
#Billary https://t.co/uT3FOkDbUX"
"256","@dcexaminer @donlemon #BelieveAllAccusers #HimToo"
"257","33. Just to scathe the surface, here are a few examples of other visitors at Epsteins island 

#PedophileSatanisHawkins #HimToo
#ObamaAndMichael
#Billary https://t.co/uT3FOkDbUX"
"258","33. Just to scathe the surface, here are a few examples of other visitors at Epsteins island 

#PedophileSatanisHawkins #HimToo
#ObamaAndMichael
#Billary https://t.co/uT3FOkDbUX"
"259","33. Just to scathe the surface, here are a few examples of other visitors at Epsteins island 

#PedophileSatanisHawkins #HimToo
#ObamaAndMichael
#Billary https://t.co/uT3FOkDbUX"
"260","What this guy is doing is targeted harassment so please block him and report him, thank you. #IStandWithVic #HimToo #FixTwitter"
"261","@AnBeOnd @Cromag_19 Meh, everyone is perfectly fine with cutting males penises?  Can we have some equal opportunity genitals? #Himtoo #ImaDick"
"262","@RedIsDead Noli me tangere means noli me tangere #HimToo"
"263","CNN's Don Lemon accused of assault in sexually charged encounter at New York bar. #LemonDrop #HimToo 

https://t.co/w9KzHVjBdu"
"264","#KatyPerry Accused of #SexualAssault by â€˜#TeenageDreamâ€™ Co-Star https://t.co/i4bsRWkvRb #MeToo #HimToo"
"265","Indicted for alleged #SexualAssault of male student, #gay professor #DavidDaniels will continue drawing $190K salary from #UniversityofMichigan - even though he hasn't taught in nearly a year https://t.co/FHXjAOam2y #PrideTO #Canqueer #MeToo #HimToo #Privilege #AcademicTenure"
"266","That other time #KatyPerry acted creepy towards a young man is coming back to haunt her https://t.co/I8WY81zy0E #MeToo #HimToo"
"267","â€œThe growing movement of men who are standing up and speaking out about menâ€™s #violenceagainstwomen are indebted to the #leadership of womenâ€ â¦@jacksontkatzâ© #breakthesilence #challengemaleculture #metoo #HimToo  https://t.co/f8UU7bErNc"
"268","#Politics #Commentary #Isreal #Censorship #HimToo #MeeToo
So the Isreal fallout continues, and the real motive shows up. They only want to go to try and destroy Isreal. I bet even Ilhan Ohmar even though she is going for her family."
"269","33. Just to scathe the surface, here are a few examples of other visitors at Epsteins island 

#PedophileSatanisHawkins #HimToo
#ObamaAndMichael
#Billary https://t.co/uT3FOkDbUX"
"270","Remember, objectification is ok when Jezebel does it.

https://t.co/eCD5Y0cm0R

#HimToo"
"271","@ShawnG927 @kbq225 @VFL2013 @TheUnitedFree @ZyroFoxtrot @demsrdumb4 @AaronLeuer @SusanIverach @Jetsta812 @ProudRepublica4 @DeplorableJuJuV #HimToo"
"272","#HimToo 

#MenBadWomenGood

https://t.co/ni7YOQsgoi"
"273","@CNNTonight @donlemon #BelieveAssaultVictims
#HimToo
#VictimsDontLie

Don is a predator"
"274","@donlemon please keep your stinky fingers to yourself. #MeToo #HimToo https://t.co/IuIqVpiAVq"
"275","Iâ€™m totally hopping on the â€œKaty Perry is a creepâ€ bandwagon. https://t.co/JY8fDemo86 @katyperry #KatyPerry #MeTooÂ  #HimToo #JoshKloss #MenToo #HypocriticalHollywood #NoMoreAbuse #FridayFeeling #FlashbackFriday #FridayThoughts"
"276","I have no second doubts that indeed @katyperry has sexually assaulted Josh Kloss. She tried to kiss a man on the show knowing she has a girlfriend. Josh Kloss exposes the reality of Teenage dream. #HimToo 
 #JoshKloss"
"277","33. Just to scathe the surface, here are a few examples of other visitors at Epsteins island 

#PedophileSatanisHawkins #HimToo
#ObamaAndMichael
#Billary https://t.co/uT3FOkDbUX"
"278","@Thomas1774Paine Now a witness has come forward.
#HimToo
#believeallmen"
"279","@WayneDupreeShow #IBeleave #HimToo https://t.co/JaEN0sXFcj"
"280","33. Just to scathe the surface, here are a few examples of other visitors at Epsteins island 

#PedophileSatanisHawkins #HimToo
#ObamaAndMichael
#Billary https://t.co/uT3FOkDbUX"
"281","33. Just to scathe the surface, here are a few examples of other visitors at Epsteins island 

#PedophileSatanisHawkins #HimToo
#ObamaAndMichael
#Billary https://t.co/uT3FOkDbUX"
"282","#HimToo https://t.co/4mdE3RM1qT"
"283","33. Just to scathe the surface, here are a few examples of other visitors at Epsteins island 

#PedophileSatanisHawkins #HimToo
#ObamaAndMichael
#Billary https://t.co/uT3FOkDbUX"
"284","@LAKingsDG @donlemon Believe the victim.
#himtoo
#believethevictim
#lemondrop"
"285","@chasbottom Believe the victim.

#himtoo
#believethevictim
#lemondrop"
"286","Holy #HimToo Lemon Head! 
#DonLemon
#LemonSanchez
#LemonFingers
Lol, guess #BelieveSurvivors
Only works when it's #BelieveWomen
And not #BelieveMen
Wow, ok, we see you, Worst Journalist Of the Year!
Thank @TheOneJohnWard
for the following masterpiece ğŸ‘‡ğŸ¼ğŸ¦

https://t.co/3uXfHOBrtU"
"287","@CNNTonight Why is this #HimToo assaulter still on air?!
#LemonSanchez
#LemonFingers
Oh, wait..Was it bc he sexually assaulted a MAN &amp; not a woman? Kind of hypocritical, no? Considering he wouldnt sexually assault a female bc, well, they aren't his thing
The guy he sanchezed tho, that's ok? https://t.co/J4spcBqSJv"
"288","Second Accuser Claims Katy Perry Sexually Harassed Her #HimToo  https://t.co/iivQp74GWP"
"289","@sevennwonderss @newscomauHQ #metoo
#believevictims 
#timesup
#himtoo
#katyperry"
"290","@Sinatra_Says @PrisonPlanet If true this is a bad week for the Left..... Fredo Cuomo...... Don Lemon #HimToo .... and now the Icing on the cake Carlos Maza #YourFired"
"291","@donlemon please keep your stinky fingers to yourself. #MeToo #HimToo https://t.co/IuIqVpiAVq"
"292","@donlemon please keep your stinky fingers to yourself. #MeToo #HimToo https://t.co/IuIqVpiAVq"
"293","@donlemon please keep your stinky fingers to yourself. #MeToo #HimToo https://t.co/IuIqVpiAVq"
"294","@donlemon please keep your stinky fingers to yourself. #MeToo #HimToo https://t.co/IuIqVpiAVq"
"295","I BELIEVE HIM!
#HIMTOO https://t.co/2woS4zauxz"
"296","#Guilty #HimToo https://t.co/dzu3FGsUos"
"297","Second Accuser Claims Katy Perry Sexually Harassed Her #HimToo  https://t.co/iivQp74GWP"
"298","#HimToo https://t.co/4mdE3RM1qT"
"299","@BonkPolitics @Carlisleboy @j_arthur_bloom @donlemon @CNN @CNNPR #HimToo"
"300","Second Accuser Claims Katy Perry Sexually Harassed Her #HimToo  https://t.co/iivQp74GWP"
"301","#himtoo https://t.co/ZzBrLak4JX"
"302","@LisaMei62 #HimToo 

All Accusers should be believed, right Don? Wasn't that what you said?"
"303","@donlemon is a pervert? Huh. #HimToo https://t.co/UR4fozO429"
"304","#himtoo https://t.co/ZzBrLak4JX"
"305","Why do I feel,
if #SeanHannity
cornered
#TrigglyPuff &amp; made her
smell his #WaxMylemonBalls,
every single hashtag for 300 
hours would be similar to:
#SmellHannitysHand...etc?

Corroborating witness HAS
stepped forward.
#DonLemon is a #ViolentPerson.
But that's Ok, right?
#HimToo"
"306","@donlemon please keep your stinky fingers to yourself. #MeToo #HimToo https://t.co/IuIqVpiAVq"
"307","@donlemon please keep your stinky fingers to yourself. #MeToo #HimToo https://t.co/IuIqVpiAVq"
"308","@ArthurSchwartz @GrtAM #HimToo baby"
"309","#HimToo https://t.co/26eyhaooRm https://t.co/VmfE9WI9IM"
"310","Instead of asking ""Why did she...?"" when you're reading a #MeToo story, ask ""WHY DID HE, &amp; HE, &amp; HIM, &amp; #HIMTOO?!!!"" This woman is around the same age as me.Â And growing up female is STILL performative. We are still judged by HOW WE MAKE MEN LOOK &amp; FEEL ABOUT THEMSELVES=#Bullshit https://t.co/BnGXicwN5F"
"311","Katy Perry - accused by a second person of sexual misconduct. #HimToo #LiberalismIsAMentalDisorder

https://t.co/mh3RqXsYdY"
"312","Remember when @katyperry was hit with the allegation she forced an underaged contestant on American Idol to kiss her? I remember. #HimToo #SheToo https://t.co/1wNn5ucNau"
"313","This week gets better and better for @CNN and I love it. ğŸ¿ğŸ¿ğŸ¿ğŸ¿
#HimToo #FredoCuomo
 https://t.co/RpwNhsCKLq"
"314","@BreitbartNews @ChatByCC The #MeToo movement is becoming #HimToo"
"315","@mgrant76308 #HimToo"
"316","@BreitbartNews ğŸ˜‚ğŸ˜‚ğŸ˜‚ğŸ˜‚  good 

#himtoo"
"317","@donlemon please keep your stinky fingers to yourself. #MeToo #HimToo https://t.co/IuIqVpiAVq"
"318","If recent abuses against men spark a #Himtoo moment, will Big Eva be this eager to jump on the bandwagon? 

Who will apologize on behalf of all woman?

https://t.co/jmuH6ErAuR"
"319","@MartinaMarkota @JoshLeCash #HimToo"
"320","@Sinatra_Says @PrisonPlanet If true this is a bad week for the Left..... Fredo Cuomo...... Don Lemon #HimToo .... and now the Icing on the cake Carlos Maza #YourFired"
"321","@donlemon please keep your stinky fingers to yourself. #MeToo #HimToo https://t.co/IuIqVpiAVq"
"322","It's tough to hear sexual assault victims being criticized. Insufficient Evidence by @SusanJKraus1 tackles every side of this issue. #WhyIDidntReport, #MeToo #HimToo #Kavanaugh https://t.co/Yiz1mNMuNH https://t.co/UGFdLLeZmF"
"323","If recent abuses against men spark a #Himtoo moment, will Big Eva be this eager to jump on the bandwagon? 

Who will apologize on behalf of all woman?

https://t.co/jmuH6ErAuR"
"324","@WayneDupreeShow @dspen21 #HimToo #DonsLemonyFreshFingers #DropLemonDrop #ForcedSniffingIsAbuse"
"325","@donlemon please keep your stinky fingers to yourself. #MeToo #HimToo https://t.co/IuIqVpiAVq"
"326","@donlemon please keep your stinky fingers to yourself. #MeToo #HimToo https://t.co/IuIqVpiAVq"
"327","@donlemon please keep your stinky fingers to yourself. #MeToo #HimToo https://t.co/IuIqVpiAVq"
"328","@donlemon please keep your stinky fingers to yourself. #MeToo #HimToo https://t.co/IuIqVpiAVq"
"329","@donlemon please keep your stinky fingers to yourself. #MeToo #HimToo https://t.co/IuIqVpiAVq"
"330","@donlemon please keep your stinky fingers to yourself. #MeToo #HimToo https://t.co/IuIqVpiAVq"
"331","@donlemon please keep your stinky fingers to yourself. #MeToo #HimToo https://t.co/IuIqVpiAVq"
"332","@donlemon please keep your stinky fingers to yourself. #MeToo #HimToo https://t.co/IuIqVpiAVq"
"333","@JRobertSmith1 #Himtoo"
"334","@donlemon please keep your stinky fingers to yourself. #MeToo #HimToo https://t.co/IuIqVpiAVq"
"335","@donlemon please keep your stinky fingers to yourself. #MeToo #HimToo https://t.co/IuIqVpiAVq"
"336","@JRobertSmith1 #Himtoo"
"337","@donlemon please keep your stinky fingers to yourself. #MeToo #HimToo https://t.co/IuIqVpiAVq"
"338","@donlemon please keep your stinky fingers to yourself. #MeToo #HimToo https://t.co/IuIqVpiAVq"
"339","#IBelieveDustin #justiceforDustin #dustinhice was sexually assaulted by @cnnâ€™s #DonLemon and thereâ€™s an actual witness to this attack. Yes, the witness has given an official statement, and it backs up Dustinâ€™s claim. #himtoo @realDonaldTrump https://t.co/94FctHf2x7"
"340","@Herbert_L_Reed #Himtoo

Hahahahaha"
"341","@donlemon please keep your stinky fingers to yourself. #MeToo #HimToo https://t.co/IuIqVpiAVq"
"342","Bad Lemon? CNN Host Slapped With Sexual Assault Allegation  https://t.co/WkUh8JJ3Ae I believe #dustinhice. We must believe all accusations until @donlemon can prove this didnâ€™t happen. #HimToo #resigndonlemon"
"343","#IBelieveDustin #justiceforDustin #dustinhice was sexually assaulted by @cnnâ€™s #DonLemon and thereâ€™s an actual witness to this attack. Yes, the witness has given an official statement, and it backs up Dustinâ€™s claim. #himtoo @realDonaldTrump https://t.co/94FctHf2x7"
"344","This week gets better and better for @CNN and I love it. ğŸ¿ğŸ¿ğŸ¿ğŸ¿
#HimToo #FredoCuomo
 https://t.co/RpwNhsCKLq"
"345","@donlemon please keep your stinky fingers to yourself. #MeToo #HimToo https://t.co/IuIqVpiAVq"
"346","@donlemon please keep your stinky fingers to yourself. #MeToo #HimToo https://t.co/IuIqVpiAVq"
"347","@RepMaxineWaters @realDonaldTrump #HimToo ğŸ˜‚"
"348","@donlemon please keep your stinky fingers to yourself. #MeToo #HimToo https://t.co/IuIqVpiAVq"
"349","@donlemon please keep your stinky fingers to yourself. #MeToo #HimToo https://t.co/IuIqVpiAVq"
"350","@donlemon please keep your stinky fingers to yourself. #MeToo #HimToo https://t.co/IuIqVpiAVq"
"351","@donlemon please keep your stinky fingers to yourself. #MeToo #HimToo https://t.co/IuIqVpiAVq"
"352","@donlemon please keep your stinky fingers to yourself. #MeToo #HimToo https://t.co/IuIqVpiAVq"
"353","@donlemon please keep your stinky fingers to yourself. #MeToo #HimToo https://t.co/IuIqVpiAVq"
"354","@donlemon please keep your stinky fingers to yourself. #MeToo #HimToo https://t.co/IuIqVpiAVq"
"355","@donlemon please keep your stinky fingers to yourself. #MeToo #HimToo https://t.co/IuIqVpiAVq"
"356","@donlemon please keep your stinky fingers to yourself. #MeToo #HimToo https://t.co/IuIqVpiAVq"
"357","@donlemon please keep your stinky fingers to yourself. #MeToo #HimToo https://t.co/IuIqVpiAVq"
"358","@LisaMei62 #HimToo, @donlemon, #HimToo! And what say you, @CNN? Cat got your tongue? ğŸ¤¨"
"359","@donlemon please keep your stinky fingers to yourself. #MeToo #HimToo https://t.co/IuIqVpiAVq"
"360","@donlemon please keep your stinky fingers to yourself. #MeToo #HimToo https://t.co/IuIqVpiAVq"
"361","@donlemon please keep your stinky fingers to yourself. #MeToo #HimToo https://t.co/IuIqVpiAVq"
"362","@donlemon please keep your stinky fingers to yourself. #MeToo #HimToo https://t.co/IuIqVpiAVq"
"363","@donlemon please keep your stinky fingers to yourself. #MeToo #HimToo https://t.co/IuIqVpiAVq"
"364","@donlemon please keep your stinky fingers to yourself. #MeToo #HimToo https://t.co/IuIqVpiAVq"
"365","@donlemon please keep your stinky fingers to yourself. #MeToo #HimToo https://t.co/IuIqVpiAVq"
"366","@donlemon please keep your stinky fingers to yourself. #MeToo #HimToo https://t.co/IuIqVpiAVq"
"367","@WayneDupreeShow #IBeleave #HimToo https://t.co/JaEN0sXFcj"
"368","@WayneDupreeShow Yes #BelieveHim #BelieveAllMen #HimToo ğŸ˜"
"369","Man says he witnessed #FakeNewsCNN host #DonLemon alleged assaultğŸ‘‰I was kind of making fun, I feel bad nowğŸ¤¨
#HimToo
#MeeToo
Where are the protesters? The demand #Lemon get Fired
#WakeUpAmerica
#BoycottCNN
#BlackoutCNN

https://t.co/wLeh3KR15n"
"370","@donlemon please keep your stinky fingers to yourself. #MeToo #HimToo https://t.co/IuIqVpiAVq"
"371","@donlemon please keep your stinky fingers to yourself. #MeToo #HimToo https://t.co/IuIqVpiAVq"
"372","@donlemon please keep your stinky fingers to yourself. #MeToo #HimToo https://t.co/IuIqVpiAVq"
"373","Man says he witnessed #FakeNewsCNN host #DonLemon alleged assaultğŸ‘‰I was kind of making fun, I feel bad nowğŸ¤¨
#HimToo
#MeeToo
Where are the protesters? The demand #Lemon get Fired
#WakeUpAmerica
#BoycottCNN
#BlackoutCNN

https://t.co/wLeh3KR15n"
"374","@donlemon please keep your stinky fingers to yourself. #MeToo #HimToo https://t.co/IuIqVpiAVq"
"375","Man says he witnessed #FakeNewsCNN host #DonLemon alleged assaultğŸ‘‰I was kind of making fun, I feel bad nowğŸ¤¨
#HimToo
#MeeToo
Where are the protesters? The demand #Lemon get Fired
#WakeUpAmerica
#BoycottCNN
#BlackoutCNN

https://t.co/wLeh3KR15n"
"376","Man says he witnessed #FakeNewsCNN host #DonLemon alleged assaultğŸ‘‰I was kind of making fun, I feel bad nowğŸ¤¨
#HimToo
#MeeToo
Where are the protesters? The demand #Lemon get Fired
#WakeUpAmerica
#BoycottCNN
#BlackoutCNN

https://t.co/wLeh3KR15n"
"377","@donlemon please keep your stinky fingers to yourself. #MeToo #HimToo https://t.co/IuIqVpiAVq"
"378","33. Just to scathe the surface, here are a few examples of other visitors at Epsteins island 

#PedophileSatanisHawkins #HimToo
#ObamaAndMichael
#Billary https://t.co/uT3FOkDbUX"
"379","@donlemon please keep your stinky fingers to yourself. #MeToo #HimToo https://t.co/IuIqVpiAVq"
"380","@donlemon please keep your stinky fingers to yourself. #MeToo #HimToo https://t.co/IuIqVpiAVq"
"381","@donlemon please keep your stinky fingers to yourself. #MeToo #HimToo https://t.co/IuIqVpiAVq"
"382","@donlemon please keep your stinky fingers to yourself. #MeToo #HimToo https://t.co/IuIqVpiAVq"
"383","33. Just to scathe the surface, here are a few examples of other visitors at Epsteins island 

#PedophileSatanisHawkins #HimToo
#ObamaAndMichael
#Billary https://t.co/uT3FOkDbUX"
"384","@donlemon please keep your stinky fingers to yourself. #MeToo #HimToo https://t.co/IuIqVpiAVq"
"385","@donlemon please keep your stinky fingers to yourself. #MeToo #HimToo https://t.co/IuIqVpiAVq"
"386","@donlemon please keep your stinky fingers to yourself. #MeToo #HimToo https://t.co/IuIqVpiAVq"
"387","@donlemon please keep your stinky fingers to yourself. #MeToo #HimToo https://t.co/IuIqVpiAVq"
"388","@cameraneubanks constant perving on Metul is creepy and disrespectful to her husband, daughter, Metul and supposed friend @naomie_olindo.

If Jason acted that way toward Naomi, what would the reactions be?

Stay classy, Cameron. #thirsty

#SouthernCharm #MeToo #HimToo @Andy"
"389","@LisaMei62 #HimToo, @donlemon, #HimToo! And what say you, @CNN? Cat got your tongue? ğŸ¤¨"
"390","@donlemon please keep your stinky fingers to yourself. #MeToo #HimToo https://t.co/IuIqVpiAVq"
"391","@LisaMei62 #HimToo, @donlemon, #HimToo! And what say you, @CNN? Cat got your tongue? ğŸ¤¨"
"392","@donlemon please keep your stinky fingers to yourself. #MeToo #HimToo https://t.co/IuIqVpiAVq"
"393","@donlemon please keep your stinky fingers to yourself. #MeToo #HimToo https://t.co/IuIqVpiAVq"
"394","@donlemon please keep your stinky fingers to yourself. #MeToo #HimToo https://t.co/IuIqVpiAVq"
"395","@donlemon please keep your stinky fingers to yourself. #MeToo #HimToo https://t.co/IuIqVpiAVq"
"396","@donlemon please keep your stinky fingers to yourself. #MeToo #HimToo https://t.co/IuIqVpiAVq"
"397","@donlemon please keep your stinky fingers to yourself. #MeToo #HimToo https://t.co/IuIqVpiAVq"
"398","@donlemon please keep your stinky fingers to yourself. #MeToo #HimToo https://t.co/IuIqVpiAVq"
"399","@donlemon please keep your stinky fingers to yourself. #MeToo #HimToo https://t.co/IuIqVpiAVq"
"400","@donlemon please keep your stinky fingers to yourself. #MeToo #HimToo https://t.co/IuIqVpiAVq"
"401","@donlemon please keep your stinky fingers to yourself. #MeToo #HimToo https://t.co/IuIqVpiAVq"
"402","@donlemon please keep your stinky fingers to yourself. #MeToo #HimToo https://t.co/IuIqVpiAVq"
"403","@donlemon please keep your stinky fingers to yourself. #MeToo #HimToo https://t.co/IuIqVpiAVq"
"404","@donlemon please keep your stinky fingers to yourself. #MeToo #HimToo https://t.co/IuIqVpiAVq"
"405","@donlemon please keep your stinky fingers to yourself. #MeToo #HimToo https://t.co/IuIqVpiAVq"
"406","@donlemon please keep your stinky fingers to yourself. #MeToo #HimToo https://t.co/IuIqVpiAVq"
"407","@donlemon please keep your stinky fingers to yourself. #MeToo #HimToo https://t.co/IuIqVpiAVq"
"408","@donlemon please keep your stinky fingers to yourself. #MeToo #HimToo https://t.co/IuIqVpiAVq"
"409","@donlemon please keep your stinky fingers to yourself. #MeToo #HimToo https://t.co/IuIqVpiAVq"
"410","@donlemon please keep your stinky fingers to yourself. #MeToo #HimToo https://t.co/IuIqVpiAVq"
"411","@donlemon please keep your stinky fingers to yourself. #MeToo #HimToo https://t.co/IuIqVpiAVq"
"412","Ok @CNN 

Do the right thing.

Fire @donlemon and @ChrisCuomo 

#HimToo"
"413","@donlemon please keep your stinky fingers to yourself. #MeToo #HimToo https://t.co/IuIqVpiAVq"
"414","@donlemon please keep your stinky fingers to yourself. #MeToo #HimToo https://t.co/IuIqVpiAVq"
"415","Ok @CNN 

Do the right thing.

Fire @donlemon and @ChrisCuomo 

#HimToo"
"416","@donlemon please keep your stinky fingers to yourself. #MeToo #HimToo https://t.co/IuIqVpiAVq"
"417","@donlemon please keep your stinky fingers to yourself. #MeToo #HimToo https://t.co/IuIqVpiAVq"
"418","@donlemon please keep your stinky fingers to yourself. #MeToo #HimToo https://t.co/IuIqVpiAVq"
"419","@donlemon please keep your stinky fingers to yourself. #MeToo #HimToo https://t.co/IuIqVpiAVq"
"420","@donlemon please keep your stinky fingers to yourself. #MeToo #HimToo https://t.co/IuIqVpiAVq"
"421","@donlemon please keep your stinky fingers to yourself. #MeToo #HimToo https://t.co/IuIqVpiAVq"
"422","@donlemon please keep your stinky fingers to yourself. #MeToo #HimToo https://t.co/IuIqVpiAVq"
"423","@LisaMei62 #himtoo"
"424","@donlemon please keep your stinky fingers to yourself. #MeToo #HimToo https://t.co/IuIqVpiAVq"
"425","@donlemon please keep your stinky fingers to yourself. #MeToo #HimToo https://t.co/IuIqVpiAVq"
"426","@donlemon please keep your stinky fingers to yourself. #MeToo #HimToo https://t.co/IuIqVpiAVq"
"427","@donlemon please keep your stinky fingers to yourself. #MeToo #HimToo https://t.co/IuIqVpiAVq"
"428","@donlemon please keep your stinky fingers to yourself. #MeToo #HimToo https://t.co/IuIqVpiAVq"
"429","@donlemon please keep your stinky fingers to yourself. #MeToo #HimToo https://t.co/IuIqVpiAVq"
"430","@donlemon please keep your stinky fingers to yourself. #MeToo #HimToo https://t.co/IuIqVpiAVq"
"431","@donlemon please keep your stinky fingers to yourself. #MeToo #HimToo https://t.co/IuIqVpiAVq"
"432","@donlemon please keep your stinky fingers to yourself. #MeToo #HimToo https://t.co/IuIqVpiAVq"
"433","@donlemon please keep your stinky fingers to yourself. #MeToo #HimToo https://t.co/IuIqVpiAVq"
"434","@donlemon please keep your stinky fingers to yourself. #MeToo #HimToo https://t.co/IuIqVpiAVq"
"435","Man says he witnessed CNN host Don Lemon's alleged assault: 'I was kind of making fun, I feel bad now' | Fox News

#himtoo  https://t.co/NIPl7jnAmV"
"436","@donlemon please keep your stinky fingers to yourself. #MeToo #HimToo https://t.co/IuIqVpiAVq"
"437","@donlemon please keep your stinky fingers to yourself. #MeToo #HimToo https://t.co/IuIqVpiAVq"
"438","@donlemon please keep your stinky fingers to yourself. #MeToo #HimToo https://t.co/IuIqVpiAVq"
"439","@donlemon please keep your stinky fingers to yourself. #MeToo #HimToo https://t.co/IuIqVpiAVq"
"440","@donlemon please keep your stinky fingers to yourself. #MeToo #HimToo https://t.co/IuIqVpiAVq"
"441","@MeTooMVMT How come I don't see a story on Don Lemon sexually assaulting a gay men? #believevictims #himtoo"
"442","@donlemon please keep your stinky fingers to yourself. #MeToo #HimToo https://t.co/IuIqVpiAVq"
"443","CNN's Don Lemon accused of assault in sexually charged encounter at New York bar. #LemonDrop #HimToo 

https://t.co/w9KzHVjBdu"
"444","CNN's Don Lemon accused of assault in sexually charged encounter at New York bar. #LemonDrop #HimToo 

https://t.co/w9KzHVjBdu"
"445","@donlemon please keep your stinky fingers to yourself. #MeToo #HimToo https://t.co/IuIqVpiAVq"
"446","@donlemon please keep your stinky fingers to yourself. #MeToo #HimToo https://t.co/IuIqVpiAVq"
"447","@donlemon please keep your stinky fingers to yourself. #MeToo #HimToo https://t.co/IuIqVpiAVq"
"448","@donlemon please keep your stinky fingers to yourself. #MeToo #HimToo https://t.co/IuIqVpiAVq"
"449","@donlemon please keep your stinky fingers to yourself. #MeToo #HimToo https://t.co/IuIqVpiAVq"
"450","@donlemon please keep your stinky fingers to yourself. #MeToo #HimToo https://t.co/IuIqVpiAVq"
"451","@marklevinshow #HimToo"
"452","@marklevinshow He offered a six figure settlement. He must be guilty. I am with the bartender, he must be believed!  #HimToo #lemonaded"
"453","@donlemon please keep your stinky fingers to yourself. #MeToo #HimToo https://t.co/IuIqVpiAVq"
"454","@donlemon please keep your stinky fingers to yourself. #MeToo #HimToo https://t.co/IuIqVpiAVq"
"455","@donlemon please keep your stinky fingers to yourself. #MeToo #HimToo https://t.co/IuIqVpiAVq"
"456","@donlemon please keep your stinky fingers to yourself. #MeToo #HimToo https://t.co/IuIqVpiAVq"
"457","@donlemon please keep your stinky fingers to yourself. #MeToo #HimToo https://t.co/IuIqVpiAVq"
"458","@donlemon please keep your stinky fingers to yourself. #MeToo #HimToo https://t.co/IuIqVpiAVq"
"459","@donlemon please keep your stinky fingers to yourself. #MeToo #HimToo https://t.co/IuIqVpiAVq"
"460","@donlemon please keep your stinky fingers to yourself. #MeToo #HimToo https://t.co/IuIqVpiAVq"
"461","@donlemon please keep your stinky fingers to yourself. #MeToo #HimToo https://t.co/IuIqVpiAVq"
"462","Believing survivors doesnâ€™t end with women. This is a huge yikes and ought to be getting the same press as female victims of male abusers.

#MeToo #HimToo https://t.co/yqK4TaCg1k"
"463","My! For someone who says white men are a menace to society, #DonLemon can't seem to stay away from them. #Hypocrite #MeToo #HimToo #AMJoy #BlackTwitter #BLM #BuzzFeed #CNN #DailyBeast #Democrat #Family #HuffPost #LGBTQ  #MSNBC #MAGA #NowThis #NPR #Salon #TeenVogue #TheRoot #TYT https://t.co/0Uf5NbVVun"
"464","Man says he witnessed CNN host Don Lemon's alleged assault: 'I was kind of making fun, I feel bad now' | Fox News #himtooğŸ•µğŸ¼â€â™‚ï¸ https://t.co/uo8BbyajRQ"
"465","@donlemon please keep your stinky fingers to yourself. #MeToo #HimToo https://t.co/IuIqVpiAVq"
"466","#HimToo https://t.co/bEETm8QV6M"
"467","@donlemon please keep your stinky fingers to yourself. #MeToo #HimToo https://t.co/IuIqVpiAVq"
"468","@donlemon please keep your stinky fingers to yourself. #MeToo #HimToo https://t.co/IuIqVpiAVq"
"469","She found out that she ruined a man's life for something he didn't do and she still says he's a sexual predator even though she got the wrong guy, disgusting! I hope she likes defamation laws in japan #IStandWithVic #HimToo https://t.co/vLTyiUSJdD"
"470","She found out that she ruined a man's life for something he didn't do and she still says he's a sexual predator even though she got the wrong guy, disgusting! I hope she likes defamation laws in japan #IStandWithVic #HimToo https://t.co/vLTyiUSJdD"
"471","@donlemon please keep your stinky fingers to yourself. #MeToo #HimToo https://t.co/IuIqVpiAVq"
"472","@donlemon please keep your stinky fingers to yourself. #MeToo #HimToo https://t.co/IuIqVpiAVq"
"473","@donlemon please keep your stinky fingers to yourself. #MeToo #HimToo https://t.co/IuIqVpiAVq"
"474","@donlemon please keep your stinky fingers to yourself. #MeToo #HimToo https://t.co/IuIqVpiAVq"
"475","@donlemon please keep your stinky fingers to yourself. #MeToo #HimToo https://t.co/IuIqVpiAVq"
"476","@donlemon please keep your stinky fingers to yourself. #MeToo #HimToo https://t.co/IuIqVpiAVq"
"477","@donlemon please keep your stinky fingers to yourself. #MeToo #HimToo https://t.co/IuIqVpiAVq"
"478","@donlemon please keep your stinky fingers to yourself. #MeToo #HimToo https://t.co/IuIqVpiAVq"
"479","A near #falseallegation? I wonder if she had a specific person in mind she was targeting? Sounds like the cops did right by determining she was full of it, and finding no grounds for a collateral #MeToo accusation, which feminazis are fond of.  #HimToo

https://t.co/Xo6Qg2Cm8k"
"480","@donlemon please keep your stinky fingers to yourself. #MeToo #HimToo https://t.co/IuIqVpiAVq"
"481","@donlemon please keep your stinky fingers to yourself. #MeToo #HimToo https://t.co/IuIqVpiAVq"
"482","@donlemon please keep your stinky fingers to yourself. #MeToo #HimToo https://t.co/IuIqVpiAVq"
"483","@donlemon please keep your stinky fingers to yourself. #MeToo #HimToo https://t.co/IuIqVpiAVq"
"484","@donlemon please keep your stinky fingers to yourself. #MeToo #HimToo https://t.co/IuIqVpiAVq"
"485","@donlemon please keep your stinky fingers to yourself. #MeToo #HimToo https://t.co/IuIqVpiAVq"
"486","@donlemon please keep your stinky fingers to yourself. #MeToo #HimToo https://t.co/IuIqVpiAVq"
"487","@ERMAGARN No #HIMTOO ?"
"488","@donlemon please keep your stinky fingers to yourself. #MeToo #HimToo https://t.co/IuIqVpiAVq"
"489","@donlemon please keep your stinky fingers to yourself. #MeToo #HimToo https://t.co/IuIqVpiAVq"
"490","@donlemon please keep your stinky fingers to yourself. #MeToo #HimToo https://t.co/IuIqVpiAVq"
"491","She found out that she ruined a man's life for something he didn't do and she still says he's a sexual predator even though she got the wrong guy, disgusting! I hope she likes defamation laws in japan #IStandWithVic #HimToo https://t.co/vLTyiUSJdD"
"492","@donlemon please keep your stinky fingers to yourself. #MeToo #HimToo https://t.co/IuIqVpiAVq"
"493","@donlemon please keep your stinky fingers to yourself. #MeToo #HimToo https://t.co/IuIqVpiAVq"
"494","@donlemon please keep your stinky fingers to yourself. #MeToo #HimToo https://t.co/IuIqVpiAVq"
"495","@donlemon please keep your stinky fingers to yourself. #MeToo #HimToo https://t.co/IuIqVpiAVq"
"496","@donlemon please keep your stinky fingers to yourself. #MeToo #HimToo https://t.co/IuIqVpiAVq"
"497","@DonLemon @CNN @CNNBRK,

Any comments on this?

#himtoo?

@SuffolkCounty filing:
https://t.co/Zv58CNvEXE

@bigleaguepol's article on civil suit against Don Lemon
https://t.co/ivmvihD1Sq

@DRUDGE_REPORT
@FoxNewsOpinion"
"498","@donlemon please keep your stinky fingers to yourself. #MeToo #HimToo https://t.co/IuIqVpiAVq"
"499","@donlemon please keep your stinky fingers to yourself. #MeToo #HimToo https://t.co/IuIqVpiAVq"
"500","@Sinatra_Says @PrisonPlanet If true this is a bad week for the Left..... Fredo Cuomo...... Don Lemon #HimToo .... and now the Icing on the cake Carlos Maza #YourFired"
"501","@donlemon please keep your stinky fingers to yourself. #MeToo #HimToo https://t.co/IuIqVpiAVq"
"502","@Sinatra_Says @PrisonPlanet If true this is a bad week for the Left..... Fredo Cuomo...... Don Lemon #HimToo .... and now the Icing on the cake Carlos Maza #YourFired"
"503","Lets go boys its our turn #himtoo #mentoo https://t.co/UPYMoziyAu"
"504","â€œAll men are created equalâ€ â€” wrote Thomas Jefferson when he wasnâ€™t raping his slave. #HimToo"
"505","Listen to the latest from @NoFurtherQ as they talk about R.Kelly, Harvey Weinstein, the history of the #MeToo &amp; #HimToo movement.

https://t.co/ADzqKWv5rq

#podcasts #podcast #podcasting #radio #spotify #podcasters #podcastinglife #podsincolor #podernfamily #podecho #podernfamily https://t.co/oYj1nN1QTc"
"506","××¢×•×“×“×ª ×›×œ #himtoo ×–×” ×—×©×•×‘. https://t.co/YCEidSBokb"
"507","@dannymasterson #womenlieformoney #believethefacts #himtoo"
"508","××¢×•×“×“×ª ×›×œ #himtoo ×–×” ×—×©×•×‘. https://t.co/YCEidSBokb"
"509","â€œAll men are created equalâ€ â€” wrote Thomas Jefferson when he wasnâ€™t raping his slave. #HimToo"
"510","Listen to the latest from @NoFurtherQ as they talk about R.Kelly, Harvey Weinstein, the history of the #MeToo &amp; #HimToo movement.

https://t.co/ADzqKWv5rq

#podcasts #podcast #podcasting #radio #spotify #podcasters #podcastinglife #podsincolor #podernfamily #podecho #podernfamily https://t.co/oYj1nN1QTc"
"511","â€œAll men are created equalâ€ â€” wrote Thomas Jefferson when he wasnâ€™t raping his slave. #HimToo"
"512","#HimToo https://t.co/dRXvqKpDs6"
"513","33. Just to scathe the surface, here are a few examples of other visitors at Epsteins island 

#PedophileSatanisHawkins #HimToo
#ObamaAndMichael
#Billary https://t.co/uT3FOkDbUX"
"514","â€œAll men are created equalâ€ â€” wrote Thomas Jefferson when he wasnâ€™t raping his slave. #HimToo"
"515","â€œAll men are created equalâ€ â€” wrote Thomas Jefferson when he wasnâ€™t raping his slave. #HimToo"
"516","@TimRunsHisMouth #HimToo"
"517","â€œAll men are created equalâ€ â€” wrote Thomas Jefferson when he wasnâ€™t raping his slave. #HimToo"
"518","â€œAll men are created equalâ€ â€” wrote Thomas Jefferson when he wasnâ€™t raping his slave. #HimToo"
"519","â€œAll men are created equalâ€ â€” wrote Thomas Jefferson when he wasnâ€™t raping his slave. #HimToo"
"520","Let's talk about #MeToo, #HimToo, and sexual harassment and assault.... - YouTube https://t.co/ktzRxsstsB"
"521","Thank you again, everyone. And remember, #WeStandWithVic. #HimToo"
"522","Q: WHY Academic #Masculism?

A: Because PREVENTION is better than CURE (or when it's TOO LATE)

(800 Page Amazon book - combined info, theories, facts found NOWHERE ELSE!)

Link: https://t.co/zmrjKxAUQg

#ThursdayThoughts #MenToo #HimToo #feminist #MensRightsAreHumanRights #MeToo https://t.co/FZbrXv5jMw"
"523","https://t.co/oU6qIYurN1
#menpoweringmen #himtoo #mensrights #notme #istandwithcuba #innocent #womenlie #standingwithcuba #hisrights"
"524","@stoolpresidente @AOC #HimToo"
"525","ğŸ¤£ Where is that pesky believe all victims bunch at now. Or was it just believe only women?  I mean this guy is actually taking Lemon to court, not just throwing an allegation out there. @Alyssa_Milano what about #HimToo https://t.co/4aQdfYWnnk"
"526","#himtoo  https://t.co/9ZYfxjmOb8"
"527","@lfwons_eka I miss manners like that. Iâ€™m old fashioned. Itâ€™s so sad I got used to guys being too scared due to #metoo. It should be called #HimToo  also."
"528","33. Just to scathe the surface, here are a few examples of other visitors at Epsteins island 

#PedophileSatanisHawkins #HimToo
#ObamaAndMichael
#Billary https://t.co/uT3FOkDbUX"
"529","West Bengal chief minister @MamataOfficial announced that she will build konasree college for woman only but no boys college. She wants all boys become rapist , criminal , jobless . Too much gender discrimination in bengal. #HimToo"
"530","33. Just to scathe the surface, here are a few examples of other visitors at Epsteins island 

#PedophileSatanisHawkins #HimToo
#ObamaAndMichael
#Billary https://t.co/uT3FOkDbUX"
"531","33. Just to scathe the surface, here are a few examples of other visitors at Epsteins island 

#PedophileSatanisHawkins #HimToo
#ObamaAndMichael
#Billary https://t.co/uT3FOkDbUX"
"532","33. Just to scathe the surface, here are a few examples of other visitors at Epsteins island 

#PedophileSatanisHawkins #HimToo
#ObamaAndMichael
#Billary https://t.co/uT3FOkDbUX"
"533","33. Just to scathe the surface, here are a few examples of other visitors at Epsteins island 

#PedophileSatanisHawkins #HimToo
#ObamaAndMichael
#Billary https://t.co/uT3FOkDbUX"
"534","33. Just to scathe the surface, here are a few examples of other visitors at Epsteins island 

#PedophileSatanisHawkins #HimToo
#ObamaAndMichael
#Billary https://t.co/uT3FOkDbUX"
"535","Why arenâ€™t more people talking about Katy Perryâ€™s sexual assault? Cause it was against a guy? I could never understand how anyone could like her sheâ€™s annoying as fuck lol #HimToo"
"536","33. Just to scathe the surface, here are a few examples of other visitors at Epsteins island 

#PedophileSatanisHawkins #HimToo
#ObamaAndMichael
#Billary https://t.co/uT3FOkDbUX"
"537","33. Just to scathe the surface, here are a few examples of other visitors at Epsteins island 

#PedophileSatanisHawkins #HimToo
#ObamaAndMichael
#Billary https://t.co/uT3FOkDbUX"
"538","33. Just to scathe the surface, here are a few examples of other visitors at Epsteins island 

#PedophileSatanisHawkins #HimToo
#ObamaAndMichael
#Billary https://t.co/uT3FOkDbUX"
"539","CNN's Don Lemon accused of assault in sexually charged encounter at New York bar. #LemonDrop #HimToo 

https://t.co/w9KzHVjBdu"
"540","@Erbears78 @lloyd4man @USATODAY #HimToo Lemon is a liar..  #Ibelievehim"
"541","#HimToo https://t.co/qnqJ0XOD5J"
"542","@ewarren @Tweetypot @JDScholten #himtoo #himTHROUGH"
"543","@WashTimes #HimToo  ğŸ˜„ğŸ˜„"
"544","@donlemon is getting a taste of his own medicine.  #HimToo"
"545","33. Just to scathe the surface, here are a few examples of other visitors at Epsteins island 

#PedophileSatanisHawkins #HimToo
#ObamaAndMichael
#Billary https://t.co/uT3FOkDbUX"
"546","These sickos think they're gods and kings, and can get away with anything. 

""Lemon then â€œshoved his index and middle fingers in Plaintiffâ€™s mustache and under Plaintiffâ€™s nose,â€™â€™ according to Hiceâ€™s suit, which was filed over the weekend.""
#HimToo

https://t.co/dYdmR7ENAR"
"547","#HimToo yes. It's true. https://t.co/ExBrNXojaq"
"548","@thehill #BelieveAllMen 

#HimToo"
"549","Thank you again, everyone. And remember, #WeStandWithVic. #HimToo"
"550","#HimToo hes one of them - ive met many of them and its gross https://t.co/aTB57mxNYw"
"551","#HimToo yes. It's true. https://t.co/ExBrNXojaq"
"552","@OrenIShiKiddo @dcassepoolman Wait? I thought don lemon was married..
His husband must have gotten tired of his abuse..
He's sexually assaulting men?
We must believe all men

#HimToo"
"553","#HimToo? @BillGates??? How? Why? 
#EpsteinSuicide
#SuicideShouldBeInQuotes 
  https://t.co/k8cbqiv2Zg"
"554","@marklevinshow LEFTS Rules for Accusations:
- ALL ARE TO BE BELIEVED
- GUILTY UNTIL PROVEN OTHERWISE 
- #HIMTOO 
- I'M THE VICTIM HERE
- THIS IS RACISM
- HE'S A TRUMP SUPPORTER 
- THIS IS FAKE NEWS
- WHEN ALL ELSE FAILS.... LIE LIKE HELL

How does it feel to be in the NEWS??ğŸ¤¨"
"555","@mmaggeler It is great...seeing a #domesticabuse #survivor such as #JohnnyDepp,  move forward and have his star continue to shine, despite the hell he was put through the past 5 years. As a journalist, you should know better and educate yourself. #himtoo #maledomesticviolence #amberisaliar"
"556","#HimToo @donlemon ğŸ˜†ğŸ¤£ğŸ˜†ğŸ¤£ğŸ˜† https://t.co/XadQatjrrY"
"557","@donlemon we have to BELIEVE the victims #metoo #himtoo lol ğŸ˜‚ https://t.co/F8jPgAk3nq"
"558","@JackPosobiec @ChatByCC Uh oh.... #himtoo"
"559","Think I joined the #NikkiHateTrain today because she put the mental visual of Rory being but fucker by a broom and spazzing on him for asking a question   #HimToo #JoeBuddenPodcastğŸ˜©ğŸ˜‚"
"560","@mmaggeler It is great...seeing a #domesticabuse #survivor such as #JohnnyDepp,  move forward and have his star continue to shine, despite the hell he was put through the past 5 years. As a journalist, you should know better and educate yourself. #himtoo #maledomesticviolence #amberisaliar"
"561","@donlemon So you don't like it when the tables are turned?? Funny how that works!  #HimToo https://t.co/XMGzMNLcML"
"562","@marklevinshow Iâ€™m not too surprised. I always thought he had that air about him.   I just pray that he didnâ€™t assault a minor. #himToo"
"563","CNN's Don Lemon accused of assault in sexually charged encounter at New York bar. #LemonDrop #HimToo 

https://t.co/w9KzHVjBdu"
"564","CNN's Don Lemon accused of assault in sexually charged encounter at New York bar. #LemonDrop #HimToo 

https://t.co/w9KzHVjBdu"
"565","CNN's Don Lemon accused of assault in sexually charged encounter at New York bar. #LemonDrop #HimToo 

https://t.co/w9KzHVjBdu"
"566","@katyperry @katyperry stop abusing men. #metoo #listentomen #believemen #himtoo."
"567","#HimToo We should believe @donlemon accuser. @CNN https://t.co/Fr4uRq3mgz"
"568","Unmasking ANTIFA: Feminist Identified Who Attacked #HimTOO Protester! https://t.co/wZf9mF0ZmD"
"569","@marklevinshow On tv seemed so Happy Charming and Clean with charismatic and feminine characteristics #himtoo #anotherone #ohnocuomo #notsoclean #hypocrite #shouldhaveonlytalkedabouygrapingtheprivets"
"570","@CStamper_ @CNN #HIMTOO"
"571","Gotdamn not Placido Domingo #HimToo"
"572","@JackPosobiec @steph93065 I believe the accuser!  #himtoo"
"573","@usatodayDC, did you miss the #himtoo story by @bigleaguepol on @donlemon?"
"574","@Reuters, did you miss the #himtoo story by @bigleaguepol on @donlemon?"
"575","@WSJ, did you miss the #himtoo story by @bigleaguepol on @donlemon?"
"576","@BBCBreaking, did you miss the #himtoo story by @bigleaguepol on @donlemon?"
"577","@Time, did you miss the #himtoo story by @bigleaguepol on @donlemon?"
"578","@bennyjohnson #HimToo

https://t.co/0FdlP60hB1"
"579","@DonLemon @CNN @CNNBRK,

Any comments on this?

#himtoo?

@SuffolkCounty filing:
https://t.co/Zv58CNvEXE

@bigleaguepol's article on civil suit against Don Lemon
https://t.co/ivmvihD1Sq

@DRUDGE_REPORT
@FoxNewsOpinion"
"580","CNN stands by anchor Chris Cuomo after NSFW exchange with a heckler who called him 'Fredo' https://t.co/DdZFvROKHy via @usatoday
ğŸ‘‰ğŸ¼@POTUS why is CNN standing behind @donlemon who is accused of sexual assault? Remember how holier than thou they were about Kevin Spacy? @CNN #HimToo"
"581","CNN's Don Lemon accused of assault in sexually charged encounter at New York bar. #LemonDrop #HimToo 

https://t.co/w9KzHVjBdu"
"582","#HimToo I can relate to the story going on about Katy Perry, when I was 18 (before I was trans) and at a party, some girl put her hands down my pants to see my boxers. I laughed it off at the time but it really isn't okay"
"583","CNN's Don Lemon accused of assault in sexually charged encounter at New York bar. #LemonDrop #HimToo 

https://t.co/w9KzHVjBdu"
"584","Dapo of ArabiağŸ‘³ğŸ½â€â™‚ï¸
.
#blackwomenwearwigs #whitewomenwearbraids #thisisnotculturalappropriation #hisheadwashot #hiswholeselfishot ğŸ˜#hedidnotconsent #himtoo ğŸ˜‚ Ã  Carr Taylor Vineyards https://t.co/xchN8i05xL"
"585","Dapo of ArabiağŸ‘³ğŸ½â€â™‚ï¸
.
#blackwomenwearwigs #whitewomenwearbraids #thisisnotculturalappropriation #hisheadwashot #hiswholeselfishot ğŸ˜#hedidnotconsent #himtoo ğŸ˜‚ Ã  Carr Taylor Vineyards https://t.co/xchN8i05xL"
